Omega_Lambda,label,s0_median,s0_95UL,best_fit_s0,best_fit_H0rd,best_fit_MB,chi2_min,chi2_SN,chi2_BAO,Delta_chi2_vs_LCDM,tau_max,acceptance
0.68,0.68,0.0613112012255525,0.16252494143640892,0.0010000000057908316,9989.749475614757,-19.35242823509091,1773.2832239253376,1757.6624796660924,15.620744259245228,0.8272239253376483,46.03862111976246,0.6155312500000001
0.685,0.685 (canonical),0.07252996852968631,0.1803925397055877,0.0010000000059043244,10025.410248388096,-19.35404750635399,1772.5653186336376,1759.0322013932862,13.533117240351373,0.10931863363771299,43.87340391974506,0.61805
0.69,0.69,0.0893161455193411,0.20529867362860144,0.0010000000757935574,10061.642557886173,-19.355668175165757,1772.521893662971,1760.574598128669,11.947295534301997,0.06589366297112065,42.01759791183811,0.61555625
0.7,0.7,0.14893978116432013,0.26074608191762605,0.17667695922693408,10075.620220928688,-19.356605116734876,1773.4137228092618,1761.5041814069205,11.909541402341409,0.9577228092618952,50.90964147073575,0.61475625
0.715,0.715,0.27712307119110496,0.3488769555137573,0.28802113162284715,10086.731126074661,-19.357624388571022,1774.8364971261656,1762.5396421248868,12.29685500127874,2.3804971261656647,41.25362282688199,0.63710625
