model,n,best_s0,best_H0rd,chi2_SN,chi2_BAO,chi2_total,delta_chi2,acceptance_fraction
ΛCDM baseline,,,,,,1772.4,0.0,
A,0.0,0.8228262159279945,9278.723577901264,1814.867795721953,176.27967195566671,1991.1474676776197,218.74746767761962,0.64536875
B,-1.0,0.0011245587622993412,8555.303288046072,1834.4784052866482,1759.9090917904573,3594.3874970771058,1821.9874970771057,0.6160875000000001
C,1.0,0.9623116341056207,9216.412698042255,2739.349267189638,6309.738015206946,9049.087282396584,7276.687282396584,0.6467
D,-0.5,0.00498488605753785,10026.472459966784,1759.0293059648234,13.537466162977282,1772.5667721278007,0.1667721278006411,0.614725
