{
  "model": "non-flat ΛCDM + CMB priors",
  "fixed": null,
  "param_names": [
    "Om",
    "OmegaL",
    "H0rd",
    "MB"
  ],
  "best_fit": {
    "Om": 0.2847315649218285,
    "OmegaL": 0.720491774980774,
    "H0rd": 10156.242158932166,
    "MB": -19.364971286382694
  },
  "posterior_quantiles": {
    "Om": {
      "16": 0.28102055156166367,
      "median": 0.2847389948966018,
      "84": 0.2885735736823172
    },
    "OmegaL": {
      "16": 0.707981885067897,
      "median": 0.7202709358035803,
      "84": 0.7322672747306975
    },
    "H0rd": {
      "16": 10085.619739254626,
      "median": 10155.438316904805,
      "84": 10225.224008179599
    },
    "MB": {
      "16": -19.369610943337747,
      "median": -19.365035827766746,
      "84": -19.36050707559629
    }
  },
  "extras": {},
  "chi2": {
    "total": 1814.524969384574,
    "SN": 1772.634340153401,
    "BAO": 29.993096850128396,
    "CMB": 11.897532381044673
  },
  "tau_per_param": [
    46.65291633437653,
    43.97480864506112,
    45.42369229619208,
    42.97967622357144
  ],
  "tau_max": 46.65291633437653,
  "acceptance": 0.5893999999999999
}