{
  "Om": 0.31244980283967694,
  "H0rd": 10044.615657220163,
  "MB": -19.35500558348833,
  "tau_per_param": [
    35.09168425224576,
    35.52333011612032,
    35.79380345546908
  ],
  "tau_max": 35.79380345546908,
  "acceptance": 0.6456,
  "chi2_min": 1772.4558605048353,
  "chi2_SN": 1759.8818120244173,
  "chi2_BAO": 12.574048480418028
}