{
  "non_flat": true,
  "best_fit": {
    "Ωm": 0.28473154788028265,
    "Ω_Λ": 0.7204918064609132,
    "H0rd": 10156.242441305956,
    "MB": -19.364971298010428
  },
  "posterior_mean": {
    "Ωm": 0.2848923217177736,
    "Ω_Λ": 0.7200273972094013,
    "H0rd": 10153.94976027624,
    "MB": -19.36489534718598
  },
  "chi2_min": 1814.5249693845942,
  "chi2_SN": 1772.6343536111237,
  "chi2_BAO": 29.993076370231957,
  "chi2_CMB": 11.897539403238678,
  "tau_per_param": [
    48.60988129222207,
    48.125943676836634,
    49.50765494471527,
    47.39081744715506
  ],
  "tau_max": 49.50765494471527,
  "acceptance": 0.5898874999999999,
  "OmegaL_quantiles": {
    "16": 0.7079660496030521,
    "50": 0.7200759291089818,
    "84": 0.732205004247555
  }
}