{
  "non_flat": false,
  "best_fit": {
    "Ωm": 0.285698025343666,
    "H0rd": 10128.586113572415,
    "MB": -19.36361099830369
  },
  "posterior_mean": {
    "Ωm": 0.2857600464883904,
    "H0rd": 10128.177212797158,
    "MB": -19.36356803980269
  },
  "chi2_min": 1814.8004398245753,
  "chi2_SN": 1770.577785840845,
  "chi2_BAO": 29.501986744936723,
  "chi2_CMB": 14.720667238793474,
  "tau_per_param": [
    37.17185050801247,
    36.86342187612163,
    36.847632350843504
  ],
  "tau_max": 37.17185050801247,
  "acceptance": 0.6419874999999999
}