{"Om": 0.31270561408076886, "H0rd": 10042.986814688482, "MB": -18.99634205986733}