{
  "model": "flat ΛCDM + CMB priors",
  "fixed": null,
  "param_names": [
    "Om",
    "H0rd",
    "MB"
  ],
  "best_fit": {
    "Om": 0.2856980331641452,
    "H0rd": 10128.586003125747,
    "MB": -19.363611001308996
  },
  "posterior_quantiles": {
    "Om": {
      "16": 0.2822944502424598,
      "median": 0.28562482281205737,
      "84": 0.28912606816175185
    },
    "H0rd": {
      "16": 10081.110553767407,
      "median": 10129.478955146058,
      "84": 10176.486192499286
    },
    "MB": {
      "16": -19.367435956440683,
      "median": -19.3636656623738,
      "84": -19.35990107422232
    }
  },
  "extras": {},
  "chi2": {
    "total": 1814.8004398245944,
    "SN": 1770.5777818894708,
    "BAO": 29.50199909519912,
    "CMB": 14.720658839924551
  },
  "tau_per_param": [
    38.79126844786291,
    39.0926160886585,
    35.50351317414232
  ],
  "tau_max": 39.0926160886585,
  "acceptance": 0.64199375
}