{
  "model": "flat ΛCDM",
  "fixed": null,
  "param_names": [
    "Om",
    "H0rd",
    "MB"
  ],
  "best_fit": {
    "Om": 0.31217648735905446,
    "H0rd": 10045.808458972097,
    "MB": -19.35496084175771
  },
  "posterior_quantiles": {
    "Om": {
      "16": 0.30406919984509545,
      "median": 0.31248427252504757,
      "84": 0.3210945438623577
    },
    "H0rd": {
      "16": 9976.513815554707,
      "median": 10043.476896627253,
      "84": 10111.194745533538
    },
    "MB": {
      "16": -19.359316992904184,
      "median": -19.354758122549555,
      "84": -19.350174351632596
    }
  },
  "extras": {},
  "chi2": {
    "total": 1772.4558605048378,
    "SN": 1759.8818156643174,
    "BAO": 12.574044840520319,
    "CMB": null
  },
  "tau_per_param": [
    32.90711402326239,
    33.58513805297389,
    35.920769307562466
  ],
  "tau_max": 35.920769307562466,
  "acceptance": 0.645675
}