{
  "Om": 0.31270561408076886,
  "H0rd": 10042.986814688482,
  "MB": -18.99634205986733,
  "tau_per_param": [
    36.15562292488729,
    36.136852948256404,
    47.40023017073171
  ],
  "tau_max": 47.40023017073171,
  "acceptance": null
}