{"omega_lambda": 0.69, "s0_mean": 0.09605328266951839, "s0_median": 0.0893161455193411, "H0rd_mean": 10036.877528971614, "MB_mean": -19.354684526443933, "s0_95": 0.20529867362860144, "best_fit_s0": 0.0010000000757935574, "best_fit_H0rd": 10061.642557886173, "best_fit_MB": -19.355668175165757, "chi2_min": 1772.521893662971, "chi2_SN": 1760.574598128669, "chi2_BAO": 11.947295534301997, "tau_per_param": [42.01759791183811, 40.80312708312606, 41.33716561349796], "tau_max": 42.01759791183811, "acceptance": 0.61555625}