{
  "s0": 0.07952770302269871,
  "H0rd": 10007.308993179224,
  "MB": -18.989665912357683,
  "s0_95": 0.18131857602954166,
  "tau_per_param": [
    50.98420124983387,
    47.16120075476651,
    49.38883499400095
  ],
  "tau_max": 50.98420124983387,
  "acceptance": null
}