{"s0": 0.07952770302269871, "H0rd": 10007.308993179224, "MB": -18.989665912357683, "s0_95": 0.18131857602954166}