{
  "s0": 0.08052966493456439,
  "H0rd": 10007.097139238125,
  "MB": -19.353312104124246,
  "s0_95": 0.1814435558269366,
  "tau_per_param": [
    45.90174089817565,
    43.38226966136874,
    36.380055231192806
  ],
  "tau_max": 45.90174089817565,
  "acceptance": 0.61506875,
  "chi2_min": 1772.5653179875235,
  "chi2_SN": 1759.032200868036,
  "chi2_BAO": 13.533117119487592
}