{
  "model": "Λcos",
  "fixed": {
    "omega_lambda": 0.715
  },
  "param_names": [
    "s0",
    "H0rd",
    "MB"
  ],
  "best_fit": {
    "s0": 0.288021106856859,
    "H0rd": 10086.731150161912,
    "MB": -19.357624391387187
  },
  "posterior_quantiles": {
    "s0": {
      "16": 0.2202091370661857,
      "median": 0.2775113293593687,
      "84": 0.32327105445526993
    },
    "H0rd": {
      "16": 10034.612752856056,
      "median": 10099.745757565805,
      "84": 10164.825430179764
    },
    "MB": {
      "16": -19.362325597231973,
      "median": -19.358159456774192,
      "84": -19.35386444646269
    }
  },
  "extras": {
    "s0_95UL": 0.3493397170540093
  },
  "chi2": {
    "total": 1774.8364971261676,
    "SN": 1762.539643430308,
    "BAO": 12.296853695859692,
    "CMB": null
  },
  "tau_per_param": [
    40.05793276438097,
    37.33628395355966,
    36.36176316193859
  ],
  "tau_max": 40.05793276438097,
  "acceptance": 0.6377062499999999
}