{"omega_lambda": 0.685, "s0_mean": 0.08045433474254025, "s0_median": 0.07252996852968631, "H0rd_mean": 10008.24097464008, "MB_mean": -19.353304682927437, "s0_95": 0.1803925397055877, "best_fit_s0": 0.0010000000059043244, "best_fit_H0rd": 10025.410248388096, "best_fit_MB": -19.35404750635399, "chi2_min": 1772.5653186336376, "chi2_SN": 1759.0322013932862, "chi2_BAO": 13.533117240351373, "tau_per_param": [43.87340391974506, 41.46896001341924, 38.39865229103375], "tau_max": 43.87340391974506, "acceptance": 0.61805}