{"omega_lambda": 0.715, "s0_mean": 0.2689868844909875, "s0_median": 0.27712307119110496, "H0rd_mean": 10100.495480865015, "MB_mean": -19.35806131397166, "s0_95": 0.3488769555137573, "best_fit_s0": 0.28802113162284715, "best_fit_H0rd": 10086.731126074661, "best_fit_MB": -19.357624388571022, "chi2_min": 1774.8364971261656, "chi2_SN": 1762.5396421248868, "chi2_BAO": 12.29685500127874, "tau_per_param": [41.25362282688199, 40.54321990096107, 37.76598975988571], "tau_max": 41.25362282688199, "acceptance": 0.63710625}