{
  "model": "Λcos + CMB priors",
  "fixed": {
    "omega_lambda": 0.685
  },
  "param_names": [
    "s0",
    "H0rd",
    "MB"
  ],
  "best_fit": {
    "s0": 0.0010000000002048097,
    "H0rd": 9746.6842605409,
    "MB": -19.354028946193278
  },
  "posterior_quantiles": {
    "s0": {
      "16": 0.00593845207589753,
      "median": 0.017197456453883306,
      "84": 0.035162717423317544
    },
    "H0rd": {
      "16": 9740.73879658712,
      "median": 9744.840479213002,
      "84": 9748.261302002042
    },
    "MB": {
      "16": -19.357619011038945,
      "median": -19.353949550669494,
      "84": -19.350320022582224
    }
  },
  "extras": {
    "s0_95UL": 0.048457564509003286
  },
  "chi2": {
    "total": 1880.7412723815664,
    "SN": 1759.0180072321546,
    "BAO": 120.40086711584519,
    "CMB": 1.322398033566659
  },
  "tau_per_param": [
    42.96949178810386,
    39.713585779504434,
    37.94493981571821
  ],
  "tau_max": 42.96949178810386,
  "acceptance": 0.6079375
}