{
  "model": "Λcos",
  "fixed": {
    "omega_lambda": 0.7
  },
  "param_names": [
    "s0",
    "H0rd",
    "MB"
  ],
  "best_fit": {
    "s0": 0.17667694233876438,
    "H0rd": 10075.620220303108,
    "MB": -19.356605116804307
  },
  "posterior_quantiles": {
    "s0": {
      "16": 0.05579683785090193,
      "median": 0.14651553696705727,
      "84": 0.22195319678115466
    },
    "H0rd": {
      "16": 10033.37394606887,
      "median": 10092.021031463493,
      "84": 10136.24275400047
    },
    "MB": {
      "16": -19.361013174253298,
      "median": -19.357052347718394,
      "84": -19.353049513005036
    }
  },
  "extras": {
    "s0_95UL": 0.25980273521785546
  },
  "chi2": {
    "total": 1773.4137228092627,
    "SN": 1761.5041818967181,
    "BAO": 11.90954091254455,
    "CMB": null
  },
  "tau_per_param": [
    48.77589707234039,
    44.16116923109379,
    41.71337436377139
  ],
  "tau_max": 48.77589707234039,
  "acceptance": 0.61591875
}