{
  "free_omega_lambda": true,
  "omega_lambda": 0.7142103297208368,
  "best_fit": {
    "s₀": 0.0010000000037435623,
    "Ω_Λ": 0.7142103297208368,
    "H0rd": 10128.58027435737,
    "MB": -19.363610852050236
  },
  "posterior_mean": {
    "s₀": 0.021296318748918987,
    "Ω_Λ": 0.7142310052064892,
    "H0rd": 10126.71880269967,
    "MB": -19.363731917520415
  },
  "chi2_min": 1814.8019110073565,
  "chi2_SN": 1770.5776030447778,
  "chi2_BAO": 29.50270870392507,
  "chi2_CMB": 14.721599258653708,
  "tau_per_param": [
    53.25870855848741,
    43.2910655056635,
    43.04122986591331,
    46.77858014428354
  ],
  "tau_max": 53.25870855848741,
  "acceptance": 0.5600937500000001,
  "OmegaL_quantiles": {
    "16": 0.7108176987913477,
    "50": 0.7142432263366975,
    "84": 0.7176430586228109
  }
}