{"omega_lambda": 0.7, "s0_mean": 0.144479275764628, "s0_median": 0.14893978116432013, "H0rd_mean": 10085.39509096085, "MB_mean": -19.356866866316476, "s0_95": 0.26074608191762605, "best_fit_s0": 0.17667695922693408, "best_fit_H0rd": 10075.620220928688, "best_fit_MB": -19.356605116734876, "chi2_min": 1773.4137228092618, "chi2_SN": 1761.5041814069205, "chi2_BAO": 11.909541402341409, "tau_per_param": [50.90964147073575, 45.05282694468904, 37.68628971960348], "tau_max": 50.90964147073575, "acceptance": 0.61475625}