{"omega_lambda": 0.68, "s0_mean": 0.06981125933511874, "s0_median": 0.0613112012255525, "H0rd_mean": 9975.40868302276, "MB_mean": -19.352000606488797, "s0_95": 0.16252494143640892, "best_fit_s0": 0.0010000000057908316, "best_fit_H0rd": 9989.749475614757, "best_fit_MB": -19.35242823509091, "chi2_min": 1773.2832239253376, "chi2_SN": 1757.6624796660924, "chi2_BAO": 15.620744259245228, "tau_per_param": [46.03862111976246, 44.31740569070761, 40.71894527700379], "tau_max": 46.03862111976246, "acceptance": 0.6155312500000001}