{
  "model": "Λcos",
  "fixed": {
    "omega_lambda": 0.68
  },
  "param_names": [
    "s0",
    "H0rd",
    "MB"
  ],
  "best_fit": {
    "s0": 0.001000000022828971,
    "H0rd": 9989.749476386907,
    "MB": -19.35242823773103
  },
  "posterior_quantiles": {
    "s0": {
      "16": 0.019940411348862194,
      "median": 0.06282830278755192,
      "84": 0.12445282870670869
    },
    "H0rd": {
      "16": 9944.377738346751,
      "median": 9977.415503928016,
      "84": 10008.499926920887
    },
    "MB": {
      "16": -19.355528836146764,
      "median": -19.351822310832574,
      "84": -19.348121792716796
    }
  },
  "extras": {
    "s0_95UL": 0.16477478133351894
  },
  "chi2": {
    "total": 1773.2832239253412,
    "SN": 1757.6624796660906,
    "BAO": 15.620744259250598,
    "CMB": null
  },
  "tau_per_param": [
    43.47317904625815,
    39.89733317294503,
    40.52323213920436
  ],
  "tau_max": 43.47317904625815,
  "acceptance": 0.61470625
}