{
  "model": "Λcos",
  "fixed": {
    "omega_lambda": 0.685
  },
  "param_names": [
    "s0",
    "H0rd",
    "MB"
  ],
  "best_fit": {
    "s0": 0.0010000000512800863,
    "H0rd": 10025.427087640928,
    "MB": -19.35404433996474
  },
  "posterior_quantiles": {
    "s0": {
      "16": 0.023317371926471042,
      "median": 0.07558022063094064,
      "84": 0.14329182568234702
    },
    "H0rd": {
      "16": 9971.901754140232,
      "median": 10007.751097426926,
      "84": 10039.817607050949
    },
    "MB": {
      "16": -19.356886899374306,
      "median": -19.35326791264316,
      "84": -19.34953064883178
    }
  },
  "extras": {
    "s0_95UL": 0.1848500477264846
  },
  "chi2": {
    "total": 1772.5653180763418,
    "SN": 1759.0322008887847,
    "BAO": 13.53311718755718,
    "CMB": null
  },
  "tau_per_param": [
    46.85324199576435,
    40.9581689281513,
    37.785695487941624
  ],
  "tau_max": 46.85324199576435,
  "acceptance": 0.6131
}