{
  "model": "Λcos (Ω_Λ free) + CMB priors",
  "fixed": null,
  "param_names": [
    "s0",
    "OmegaL",
    "H0rd",
    "MB"
  ],
  "best_fit": {
    "s0": 0.0010000000035217827,
    "OmegaL": 0.714206277826508,
    "H0rd": 10128.522137939319,
    "MB": -19.363609153135474
  },
  "posterior_quantiles": {
    "s0": {
      "16": 0.00583570652748246,
      "median": 0.017634418098812367,
      "84": 0.036440589421955084
    },
    "OmegaL": {
      "16": 0.7106504163146456,
      "median": 0.714183121159968,
      "84": 0.717548911722615
    },
    "H0rd": {
      "16": 10076.608491070565,
      "median": 10125.80689295291,
      "84": 10173.287492643502
    },
    "MB": {
      "16": -19.3674182652114,
      "median": -19.36360330626697,
      "84": -19.359722138046806
    }
  },
  "extras": {
    "s0_95UL": 0.0500802194117546
  },
  "chi2": {
    "total": 1814.8019128152566,
    "SN": 1770.5755558697344,
    "BAO": 29.509383063409278,
    "CMB": 14.716973882112788
  },
  "tau_per_param": [
    70.15444914244726,
    46.96964081209083,
    47.08912620711535,
    49.54718876650007
  ],
  "tau_max": 70.15444914244726,
  "acceptance": 0.5568
}