{
  "model": "Λcos",
  "fixed": {
    "omega_lambda": 0.69
  },
  "param_names": [
    "s0",
    "H0rd",
    "MB"
  ],
  "best_fit": {
    "s0": 0.0010000000496473978,
    "H0rd": 10061.643938067271,
    "MB": -19.355668263912303
  },
  "posterior_quantiles": {
    "s0": {
      "16": 0.0277908741180063,
      "median": 0.0879458522499754,
      "84": 0.16259987030032694
    },
    "H0rd": {
      "16": 9999.580153890736,
      "median": 10040.919741666552,
      "84": 10074.14669393494
    },
    "MB": {
      "16": -19.358443208274444,
      "median": -19.354674023814862,
      "84": -19.350927691400372
    }
  },
  "extras": {
    "s0_95UL": 0.20497571413265497
  },
  "chi2": {
    "total": 1772.5218936602655,
    "SN": 1760.5745981281004,
    "BAO": 11.947295532165114,
    "CMB": null
  },
  "tau_per_param": [
    53.13635371011894,
    39.54705691110836,
    38.71199272055827
  ],
  "tau_max": 53.13635371011894,
  "acceptance": 0.6134375
}