{
  "free_omega_lambda": false,
  "omega_lambda": 0.685,
  "best_fit": {
    "s₀": 0.0010000000022471773,
    "H0rd": 9746.684294043607,
    "MB": -19.354028970648766
  },
  "posterior_mean": {
    "s₀": 0.02069659607080891,
    "H0rd": 9744.256817986725,
    "MB": -19.354003363359553
  },
  "chi2_min": 1880.7412723813927,
  "chi2_SN": 1759.0180072321236,
  "chi2_BAO": 120.40084064511353,
  "chi2_CMB": 1.3224245041555527,
  "tau_per_param": [
    50.8697440356044,
    47.36208708006407,
    39.96918084839096
  ],
  "tau_max": 50.8697440356044,
  "acceptance": 0.6096625
}