{
  "Om": 0.296481950536676,
  "w": -0.8526576128383044,
  "H0rd": 9850.824099896568,
  "MB": -19.335308091371783,
  "chi2_min": 1759.407645746635,
  "Δχ2": -13.048354253365005,
  "ΔAIC": -11.048354253365005,
  "ΔBIC": -5.60176915420728,
  "tau_per_param": [
    42.91983468465031,
    40.96579874042292,
    44.90312248190712,
    41.866512739913894
  ],
  "tau_max": 44.90312248190712,
  "acceptance": 0.5929875
}