{
  "model": "wCDM",
  "fixed": null,
  "param_names": [
    "Om",
    "w",
    "H0rd",
    "MB"
  ],
  "best_fit": {
    "Om": 0.296413409732164,
    "w": -0.8535116311162211,
    "H0rd": 9854.702325200686,
    "MB": -19.33550517262051
  },
  "posterior_quantiles": {
    "Om": {
      "16": 0.2869319216726461,
      "median": 0.2968144365911632,
      "84": 0.3065213379826777
    },
    "w": {
      "16": -0.8943658997082494,
      "median": -0.8545991160797985,
      "84": -0.815595096582739
    },
    "H0rd": {
      "16": 9772.290851374803,
      "median": 9852.607785104094,
      "84": 9936.198626838299
    },
    "MB": {
      "16": -19.342398733346293,
      "median": -19.335535825475752,
      "84": -19.3285453044131
    }
  },
  "extras": {
    "delta_chi2_vs_LCDM": -13.052525473440483,
    "delta_AIC_vs_LCDM": -11.052525473440483,
    "delta_BIC_vs_LCDM": -5.605940374282757,
    "LCDM_chi2_baseline": 1772.4558605048353
  },
  "chi2": {
    "total": 1759.3994744023987,
    "SN": 1749.6239744129707,
    "BAO": 9.775499989428049,
    "CMB": null
  },
  "tau_per_param": [
    47.362750554642695,
    43.71673174620877,
    46.841263310090014,
    44.328379864087154
  ],
  "tau_max": 47.362750554642695,
  "acceptance": 0.59188125
}