{"Om": 0.2964225118631251, "w": -0.8542646498037312, "H0rd": 9855.031920942458, "MB": -19.019587656755256, "chi2_min": 1759.4000802481362, "\u0394\u03c72": -13.044919751863745, "\u0394AIC": -11.044919751863745, "\u0394BIC": -5.598334652706019}