{
  "Om": 0.2964225118631251,
  "w": -0.8542646498037312,
  "H0rd": 9855.031920942458,
  "MB": -19.019587656755256,
  "chi2_min": 1759.4000802481362,
  "Δχ2": -13.044919751863745,
  "ΔAIC": -11.044919751863745,
  "ΔBIC": -5.598334652706019,
  "tau_per_param": [
    51.956597158846215,
    51.96833166043606,
    51.675169643670536,
    53.69503032714911
  ],
  "tau_max": 53.69503032714911,
  "acceptance": null
}